{"metadata":{"asset_id":"75f60014-de0c-459e-9220-5f9dcb7d994c","asset_attributes":["wml_pipeline"],"name":"ICEBERG","asset_type":"wml_pipeline","created_at":"2021-03-05T15:20:00Z","description":"","origin_country":"us","owner_id":"IBMid-664001LHYE","project_id":"17906ff6-2d84-4f46-8431-1a8fa300402a","sandbox_id":"17906ff6-2d84-4f46-8431-1a8fa300402a","size":0,"tags":["dsx-project.17906ff6-2d84-4f46-8431-1a8fa300402a"],"usage":{"last_update_time":1614957600499,"last_updated_at":"2021-03-05T15:20:00Z"}},"entity":{"wml_pipeline":{"document":{"doc_type":"pipeline","pipelines":[{"id":"autoai","nodes":[{"id":"automl","op":"kube","parameters":{"output_logs":true,"input_file_separator":",","stage_flag":true,"optimization":{"compute_pipeline_notebooks_flag":true,"daub_adaptive_subsampling_max_mem_usage":15000000000,"holdout_param":0.15,"label":"is_iceberg","learning_type":"regression","max_num_daub_ensembles":2,"run_cognito_flag":true,"scorer_for_ranking":"neg_root_mean_squared_error"},"one_vs_all_file":true},"runtime_ref":"autoai","type":"execution_node"}],"runtime_ref":"hybrid"}],"primary_pipeline":"autoai","runtimes":[{"app_data":{"wml_data":{"hardware_spec":{"base_id":"a6c4923b-b8e4-444c-9f43-8a7ec3020110","name":"L"}}},"id":"autoai","name":"auto_ai.kb"}],"version":"2.0"},"ml_version":"4.0.0"}}}
