{"metadata":{"asset_id":"6c67f252-492d-4f76-b7d7-052fcb897552","asset_attributes":["wml_model"],"name":"ICEBERG - P1 RidgeEstimator","asset_type":"wml_model","created_at":"2021-03-05T15:26:06Z","description":"","origin_country":"us","owner_id":"IBMid-664001LHYE","project_id":"17906ff6-2d84-4f46-8431-1a8fa300402a","sandbox_id":"17906ff6-2d84-4f46-8431-1a8fa300402a","size":245071,"tags":[],"usage":{"last_update_time":1614957976232,"last_updated_at":"2021-03-05T15:26:16Z"}},"entity":{"wml_model":{"hybrid_pipeline_software_specs":[{"base_id":"632d4b22-10aa-5180-88f0-f52dfb6444d7","name":"autoai-kb_3.1-py3.7"}],"pipeline":{"id":"75f60014-de0c-459e-9220-5f9dcb7d994c"},"ml_version":"4.0.8","type":"wml-hybrid_0.1","schemas":{"input":[{"fields":[{"name":"id","type":"other"}],"id":"auto_ai_kb_input_schema"}],"output":[]},"content_location":{"connection":{"access_key_id":"cd625dde31d4480ca77df1674554d5d6","endpoint_url":"https://s3-api.us-geo.objectstorage.softlayer.net","secret_access_key":"2d60d6ca227e1c5bb20e5c88fef81ee472d8ea2a46f018af","accessKeyId":"cd625dde31d4480ca77df1674554d5d6"},"contents":[{"content_format":"native","file_name":"pipeline_model.json","location":"auto_ml/d7e972e4-998a-43d9-9a05-a4ac0c2087e8/wml_data/e0675383-5ba3-4303-8d2f-930658c95d10/assets/e0675383-5ba3-4303-8d2f-930658c95d10_P1_pre_hpo_d_output/resources/wml_model/pipeline_model.json"},{"content_format":"pipeline-node","file_name":"P1_automl.zip","location":"auto_ml/d7e972e4-998a-43d9-9a05-a4ac0c2087e8/wml_data/e0675383-5ba3-4303-8d2f-930658c95d10/assets/e0675383-5ba3-4303-8d2f-930658c95d10_P1_pre_hpo_d_output/resources/wml_model/P1_automl.zip","pipeline_node_id":"automl"},{"content_format":"native","file_name":"pipeline_model.json","location":"auto_ml/d7e972e4-998a-43d9-9a05-a4ac0c2087e8/wml_data/e0675383-5ba3-4303-8d2f-930658c95d10/assets/e0675383-5ba3-4303-8d2f-930658c95d10_P1_pre_hpo_d_output/resources/wml_model/pipeline_model.json"}],"location":{"path":"auto_ml/d7e972e4-998a-43d9-9a05-a4ac0c2087e8/wml_data","notebooks_path":"auto_ml/d7e972e4-998a-43d9-9a05-a4ac0c2087e8/wml_data/e0675383-5ba3-4303-8d2f-930658c95d10/notebooks","training":"auto_ml/d7e972e4-998a-43d9-9a05-a4ac0c2087e8/wml_data/e0675383-5ba3-4303-8d2f-930658c95d10","training_status":"auto_ml/d7e972e4-998a-43d9-9a05-a4ac0c2087e8/wml_data/e0675383-5ba3-4303-8d2f-930658c95d10/training-status.json","bucket":"icebergdetection-donotdelete-pr-o7yhcepues5kms","type":"s3","assets_path":"auto_ml/d7e972e4-998a-43d9-9a05-a4ac0c2087e8/wml_data/e0675383-5ba3-4303-8d2f-930658c95d10/assets"},"type":"s3"},"training_data_references":[{"connection":{"endpoint_url":"https://s3-api.us-geo.objectstorage.softlayer.net","auth_endpoint":"https://iam.bluemix.net/oidc/token/","api_key":"2xNo6Jo1f6oTs6Hdnwq2MWkXYWv4OA6-hcWwV4x2UWCY","secret_access_key":"2d60d6ca227e1c5bb20e5c88fef81ee472d8ea2a46f018af","access_key_id":"cd625dde31d4480ca77df1674554d5d6","service_instance_id":"iam-ServiceId-6f977769-1dfa-48a1-85fa-9d3ad2873985"},"location":{"bucket":"icebergdetection-donotdelete-pr-o7yhcepues5kms","path":"sample_submission.csv","type":"s3"},"type":"s3"}],"software_spec":{"base_id":"8c1a58c6-62b5-4dc4-987a-df751c2756b6","name":"hybrid_0.1"},"content_import_state":"completed"}},"attachments":[{"id":"390d5e51-0d2b-48ae-a597-6c6465bfdc2f","version":2,"asset_type":"wml_model","name":"P1_automl.zip","datasource_type":"193a97c1-4475-4a19-b90c-295c4fdc6517","creator_id":"IBMid-664001LHYE","create_time":1614957970740,"size":243544,"is_remote":false,"is_managed":true,"is_referenced":false,"is_object_key_read_only":false,"is_user_provided_path_key":false,"transfer_complete":true,"is_partitioned":false,"complete_time_ticks":1614957972406,"user_data":{"content_format":"pipeline-node","pipeline_node_id":"automl"},"test_doc":0,"handle":{"bucket":"icebergdetection-donotdelete-pr-o7yhcepues5kms","location":"us-geo","type":"bluemix_cos","key":"1d65cb3b-fbdf-4b9f-8022-a01267441caa/6c67f252-492d-4f76-b7d7-052fcb897552/390d5e51-0d2b-48ae-a597-6c6465bfdc2f","upload_id":"done","max_part_num":1},"usage":{"access_count":0,"last_accessor_id":"IBMid-664001LHYE","last_access_time":1614957970740}},{"id":"59c0f6ab-54c6-4f63-85fb-602202519b64","version":2,"asset_type":"wml_model","name":"pipeline_model.json","datasource_type":"193a97c1-4475-4a19-b90c-295c4fdc6517","creator_id":"IBMid-664001LHYE","create_time":1614957974296,"size":1527,"is_remote":false,"is_managed":true,"is_referenced":false,"is_object_key_read_only":false,"is_user_provided_path_key":false,"transfer_complete":true,"is_partitioned":false,"complete_time_ticks":1614957976093,"user_data":{"content_format":"native"},"test_doc":0,"handle":{"bucket":"icebergdetection-donotdelete-pr-o7yhcepues5kms","location":"us-geo","type":"bluemix_cos","key":"1d65cb3b-fbdf-4b9f-8022-a01267441caa/6c67f252-492d-4f76-b7d7-052fcb897552/59c0f6ab-54c6-4f63-85fb-602202519b64","upload_id":"done","max_part_num":1},"usage":{"access_count":0,"last_accessor_id":"IBMid-664001LHYE","last_access_time":1614957974296}}]}
